filename,id2,date,NDVI,blue,green,narrow_nir,nir,rdg_1,rdg_2,rdg_3,red,swir1,swir2
2_20181223T043201_20181223T043736_T45QZG_00000000000000000006,md_acchu_sheik_dha33,12/23/2018,0.426924585,775.9470199,991.4900662,2118.476821,2227.94702,1260.470199,1905.682119,2055.470199,894.589404,2010.708609,1425.887417
2_20181223T043201_20181223T043736_T46QBM_00000000000000000006,md_acchu_sheik_dha33,12/23/2018,0.416989069,803.3561644,1011.013699,2166.856164,2198.020548,1318.849315,1969.808219,2111.123288,904.239726,2072.020548,1505.020548
2_20181228T043209_20181228T043927_T46QBM_00000000000000000006,md_acchu_sheik_dha33,12/28/2018,0.409054643,945.5753425,1078.328767,2342.232877,2305.472603,1345.513699,2017.630137,2201.212329,966.3835616,2189.979452,1752.479452
2_20181228T043209_20181228T043927_T45QZG_00000000000000000006,md_acchu_sheik_dha33,12/28/2018,0.407609931,949.3046358,1088.463576,2244.337748,2306.218543,1315.496689,1953.933775,2129.794702,970.2781457,2097.589404,1652.728477
2_20190102T043151_20190102T043514_T45QZG_00000000000000000006,md_acchu_sheik_dha33,1/2/2019,0.578985396,476.4569536,841.0331126,2620,2658.490066,1262.688742,2288.291391,2542.443709,710.9933775,2300.05298,1642.284768
2_20190102T043151_20190102T043514_T46QBM_00000000000000000006,md_acchu_sheik_dha33,1/2/2019,0.562779535,491.8767123,847.1849315,2645.205479,2592.30137,1409.438356,2321.136986,2551.376712,725.6164384,2435.075342,1813.383562
2_20190107T043149_20190107T043708_T46QBM_00000000000000000006,md_acchu_sheik_dha33,1/7/2019,0.592738877,526.1369863,820.7123288,2730.424658,2668.020548,1283.643836,2305.047945,2603.30137,681.869863,2311.869863,1776.267123
2_20190107T043149_20190107T043708_T45QZG_00000000000000000006,md_acchu_sheik_dha33,1/7/2019,0.604789589,509.3443709,818.3245033,2536.821192,2730.635762,1178.099338,2230.344371,2518.821192,673.4701987,2121.986755,1561.728477
2_20190112T043141_20190112T043642_T46QBM_00000000000000000006,md_acchu_sheik_dha33,1/12/2019,0.531788807,766.1917808,997.8493151,2656.869863,2722.438356,1374.10274,2301.061644,2482.828767,828.7465753,2166.534247,1607.136986
2_20190112T043141_20190112T043642_T45QZG_00000000000000000006,md_acchu_sheik_dha33,1/12/2019,0.530551497,763.8278146,993.6490066,2716.589404,2724.900662,1291.463576,2345.503311,2545.238411,832.8741722,2049.384106,1391.205298
2_20190117T043119_20190117T043639_T46QBM_00000000000000000006,md_acchu_sheik_dha33,1/17/2019,0.508200568,818.8835616,1048.452055,2741.232877,2787.60274,1405.513699,2398.020548,2578.061644,901.9315068,2283.226027,1770.061644
2_20190117T043119_20190117T043639_T45QZG_00000000000000000006,md_acchu_sheik_dha33,1/17/2019,0.511654617,823.6291391,1048.119205,2770.774834,2793.774834,1330.980132,2325.384106,2608.821192,899.3576159,2185.231788,1654.05298
2_20190122T043101_20190122T043322_T46QBM_00000000000000000006,md_acchu_sheik_dha33,1/22/2019,0.675919633,544.130137,831.3835616,2874.205479,3388.027397,1272.767123,2456.294521,2781.479452,646.7534247,2168.5,1567.136986
2_20190122T043101_20190122T043322_T45QZG_00000000000000000006,md_acchu_sheik_dha33,1/22/2019,0.675401061,535.9801325,829.7086093,3023.761589,3377.721854,1211.913907,2546.13245,2774.827815,647.6622517,2038.523179,1432.655629
2_20190127T043039_20190127T043627_T45QZG_00000000000000000006,md_acchu_sheik_dha33,1/27/2019,0.490127944,968.7748344,1125.218543,2769.377483,2762.543046,1319.940397,2360.006623,2669.258278,942.6887417,2018.562914,1503.417219
2_20190127T043039_20190127T043627_T46QBM_00000000000000000006,md_acchu_sheik_dha33,1/27/2019,0.488344479,981.6712329,1129.150685,2724.363014,2731.452055,1393.09589,2328.246575,2661.650685,932.9863014,2167.493151,1690.143836
2_20190201T043011_20190201T044135_T46QBM_00000000000000000006,md_acchu_sheik_dha33,2/1/2019,0.779068791,442.0684932,780.8356164,3354.993151,4086.143836,1293.835616,2973.020548,3343.143836,498.1027397,2188.952055,1511.458904
2_20190201T043011_20190201T044135_T45QZG_00000000000000000006,md_acchu_sheik_dha33,2/1/2019,0.791190678,383.2847682,752.8278146,3591.463576,4181.430464,1210.854305,3023.337748,3434.622517,479.0198675,2065.635762,1339.953642
2_20190206T042949_20190206T043539_T45QZG_00000000000000000006,md_acchu_sheik_dha33,2/6/2019,0.641330615,765.3576159,977.1788079,3209.251656,3497.086093,1263.874172,2647.390728,3016.801325,759.8874172,2023.807947,1344.178808
2_20190206T042949_20190206T043539_T46QBM_00000000000000000006,md_acchu_sheik_dha33,2/6/2019,0.638661744,771.3835616,977.2808219,3088.363014,3473.972603,1329.5,2570.308219,2945.349315,760.5890411,2141.924658,1609.452055
2_20190211T042921_20190211T043121_T46QBM_00000000000000000006,md_acchu_sheik_dha33,2/11/2019,0.780650653,382.390411,770.239726,3436.684932,4297.212329,1240.356164,2810.650685,3243.541096,519.9657534,2111.130137,1511.493151
2_20190211T042921_20190211T043121_T45QZG_00000000000000000006,md_acchu_sheik_dha33,2/11/2019,0.785567944,362.0331126,756.2980132,3774.423841,4317.119205,1203.602649,3077.178808,3439.251656,512.1258278,2040.006623,1333.675497
2_20190221T042811_20190221T043725_T46QBM_00000000000000000006,md_acchu_sheik_dha33,2/21/2019,0.684953198,617.2465753,901.4452055,3172.767123,3524.863014,1269.390411,2570.054795,2942.575342,655.6438356,1985.438356,1312.561644
2_20190221T042811_20190221T043725_T45QZG_00000000000000000006,md_acchu_sheik_dha33,2/21/2019,0.685647815,616.5364238,900.7880795,3227.211921,3520.503311,1226.86755,2647.529801,2894.980132,653.410596,1917.854305,1204.89404
2_20190303T042701_20190303T042658_T46QBM_00000000000000000006,md_acchu_sheik_dha33,3/3/2019,0.661221747,507.7945205,786.3767123,3081.027397,3010.671233,1334.69863,2630.520548,2890.506849,612.7465753,2259.006849,1498.513699
2_20190303T042701_20190303T042658_T45QZG_00000000000000000006,md_acchu_sheik_dha33,3/3/2019,0.651778753,497.5496689,795.602649,3076.549669,2953.483444,1230.099338,2691.642384,2939.655629,620.9271523,2115.086093,1340.622517
2_20190308T042659_20190308T044054_T46QBM_00000000000000000006,md_acchu_sheik_dha33,3/8/2019,0.635856667,563.2260274,812.4794521,3086.958904,2912.787671,1315.883562,2668.719178,2955.068493,648.3219178,2430.109589,1717.856164
2_20190308T042659_20190308T044054_T45QZG_00000000000000000006,md_acchu_sheik_dha33,3/8/2019,0.633189664,560.2384106,811.2317881,3052.476821,2899.456954,1245.81457,2546.417219,2886.615894,649.615894,2252.443709,1489.821192
2_20190318T042659_20190318T043234_T46QBM_00000000000000000006,md_acchu_sheik_dha33,3/18/2019,0.459869779,639.9383562,785.630137,2077.910959,1868.520548,974.2191781,1793.109589,2060.356164,688.5684932,1148.739726,699.1780822
2_20190318T042659_20190318T043234_T45QZG_00000000000000000006,md_acchu_sheik_dha33,3/18/2019,0.469321026,612.8211921,766.3311258,2137.357616,1875.350993,952.0662252,1771.801325,2082.834437,674.9006623,1108.880795,673.0066225
2_20190323T042701_20190323T043918_T46QBM_00000000000000000006,md_acchu_sheik_dha33,3/23/2019,0.486723564,647.2534247,978.3356164,3381.30137,2772.945205,1487,2954.075342,3314.150685,958.4246575,2630.89726,1800.938356
2_20190323T042701_20190323T043918_T45QZG_00000000000000000006,md_acchu_sheik_dha33,3/23/2019,0.499571556,650.8874172,982.1059603,3502.112583,2821.662252,1403.907285,2907.754967,3272.218543,940.8145695,2563.218543,1697.933775
2_20190328T042709_20190328T043805_T46QBM_00000000000000000006,md_acchu_sheik_dha33,3/28/2019,0.553446157,603.0136986,947.5068493,3364.90411,3109.479452,1515.945205,2848.047945,3228.527397,881.4931507,2753.849315,2022.5
2_20190328T042709_20190328T043805_T45QZG_00000000000000000006,md_acchu_sheik_dha33,3/28/2019,0.555939332,598.6357616,941.2980132,3498.966887,3094.437086,1447.384106,2894.18543,3325.635762,874.0596026,2635.013245,1864.178808
2_20190402T042701_20190402T044018_T46QBM_00000000000000000006,md_acchu_sheik_dha33,4/2/2019,0.417002448,702.1917808,840.1506849,1821.986301,1628.876712,985.3493151,1625.876712,1788.09589,669.9863014,978.0684932,572.4041096
2_20190402T042701_20190402T044018_T45QZG_00000000000000000006,md_acchu_sheik_dha33,4/2/2019,0.426760156,695.7086093,829.8874172,1873.258278,1657.788079,965.3774834,1700.807947,1888.490066,664.9006623,974.6887417,536.781457
2_20190407T042709_20190407T044140_T46QBM_00000000000000000006,md_acchu_sheik_dha33,4/7/2019,0.539052312,462.890411,856.3219178,3356.952055,2831.965753,1474.136986,2759.09589,3273.226027,848.6917808,2146.39726,1299.541096
2_20190407T042709_20190407T044140_T45QZG_00000000000000000006,md_acchu_sheik_dha33,4/7/2019,0.547422764,454.3708609,859,3408.662252,2913.284768,1472.271523,2798.483444,3304.913907,849.8675497,2126.89404,1333.695364
2_20190417T042709_20190417T043607_T46QBM_00000000000000000006,md_acchu_sheik_dha33,4/17/2019,0.736597201,394.1849315,848.2876712,3859.219178,3810.349315,1424.589041,3141.267123,3617.417808,577.9452055,2453.109589,1467.232877
2_20190417T042709_20190417T043607_T45QZG_00000000000000000006,md_acchu_sheik_dha33,4/17/2019,0.741448117,377.7682119,831.2384106,3886.019868,3833.198675,1383.801325,3181.622517,3667.874172,569.0463576,2419.582781,1398.311258
2_20190422T042711_20190422T043605_T45QZG_00000000000000000006,md_acchu_sheik_dha33,4/22/2019,0.228459779,989.8145695,1384.291391,2967.801325,2489.933775,1755.15894,2660.390728,2916.768212,1561.774834,2873.887417,2218.225166
2_20190422T042711_20190422T043605_T46QBM_00000000000000000006,md_acchu_sheik_dha33,4/22/2019,0.239052586,988.0753425,1383.410959,3171.773973,2515.061644,1772.143836,2602.184932,2874.547945,1544.273973,2910.486301,2230.890411
2_20190427T042709_20190427T044045_T45QZG_00000000000000000006,md_acchu_sheik_dha33,4/27/2019,0.268702183,1827.960265,1982.596026,3615.05298,3285.139073,2260.456954,3016.192053,3441.086093,1890.423841,3448.701987,2835.84106
2_20190427T042709_20190427T044045_T46QBM_00000000000000000006,md_acchu_sheik_dha33,4/27/2019,0.275491494,1837.849315,1992.054795,3712.671233,3315.205479,2295.493151,3086.376712,3554.417808,1881.205479,3447.575342,2812.664384
2_20190502T042711_20190502T042707_T46QBM_00000000000000000006,md_acchu_sheik_dha33,5/2/2019,0.182582195,1350.260274,1775.753425,3422.089041,2854.753425,2283.39726,2873.136986,3239.760274,1967.794521,3741.938356,3200.356164
2_20190502T042711_20190502T042707_T45QZG_00000000000000000006,md_acchu_sheik_dha33,5/2/2019,0.171505979,1355.311258,1783.81457,3283.450331,2821.152318,2228.94702,2786.403974,3016.072848,1984.211921,3720.97351,3224.370861
2_20190507T042709_20190507T043011_T45QZG_00000000000000000006,md_acchu_sheik_dha33,5/7/2019,0.164039555,856.6092715,1183.986755,2147.642384,1941.781457,1474.456954,1763.377483,1992.662252,1388.18543,2432.039735,2044.516556
2_20190507T042709_20190507T043011_T46QBM_00000000000000000006,md_acchu_sheik_dha33,5/7/2019,0.237795179,1026.582192,1241.136986,2311.719178,2104.938356,1515.013699,1972.308219,2218.19863,1294.191781,2347.486301,1977.582192
2_20190512T042711_20190512T042707_T46QBM_00000000000000000006,md_acchu_sheik_dha33,5/12/2019,0.251174922,1382.465753,1612.424658,3030.267123,2690.575342,1915.09589,2586.143836,2837.09589,1610.30137,2762.479452,2195.376712
2_20190512T042711_20190512T042707_T45QZG_00000000000000000006,md_acchu_sheik_dha33,5/12/2019,0.247755105,1392.754967,1631.337748,3032.847682,2714.238411,1949.960265,2589.304636,2858.317881,1636.145695,2828.178808,2214.476821
2_20190522T042711_20190522T043836_T46QBM_00000000000000000006,md_acchu_sheik_dha33,5/22/2019,0.401356831,1535.821918,1673.794521,3765.808219,3364.424658,2014.486301,3211.19863,3518.136986,1438.986301,3146.164384,2293.547945
2_20190522T042711_20190522T043836_T45QZG_00000000000000000006,md_acchu_sheik_dha33,5/22/2019,0.405226893,1624.119205,1765.655629,3816.456954,3523.721854,2086.721854,3263.370861,3566.417219,1495.192053,3168.238411,2313.887417
2_20190527T042709_20190527T044047_T46QBM_00000000000000000006,md_acchu_sheik_dha33,5/27/2019,0.571240733,807.2945205,1074,3269.5,3046.575342,1475.123288,2707.013699,3119.30137,831.6575342,2462.732877,1602.39726
2_20190527T042709_20190527T044047_T45QZG_00000000000000000006,md_acchu_sheik_dha33,5/27/2019,0.570807256,813.3046358,1090.675497,3281.761589,3109.980132,1448.682119,2703.589404,3179.523179,848.9205298,2417.94702,1571.874172
2_20190611T042711_20190611T042706_T46QBM_00000000000000000006,md_acchu_sheik_dha33,6/11/2019,0.693676092,863.9109589,1163.041096,4360.993151,4300.513699,1563.116438,3493.321918,4133.246575,777.6643836,2790.383562,1638.657534
2_20190611T042711_20190611T042706_T45QZG_00000000000000000006,md_acchu_sheik_dha33,6/11/2019,0.69199099,871.2649007,1165.470199,4349.615894,4331.516556,1496.754967,3440.854305,4090.735099,786.218543,2709.629139,1596.854305
2_20190621T042711_20190621T043605_T46QBM_00000000000000000006,md_acchu_sheik_dha33,6/21/2019,0.528655059,622.7191781,1027.890411,3181.972603,2936.205479,1546.849315,2732.808219,3089.390411,904.6780822,2195.609589,1573.164384
2_20190621T042711_20190621T043605_T45QZG_00000000000000000006,md_acchu_sheik_dha33,6/21/2019,0.534130301,605.1059603,1034.119205,3252.304636,2999.629139,1501.059603,2739.172185,3144.562914,909.2317881,2205.350993,1582.980132
2_20181223T043201_20181223T043736_T45QZG_00000000000000000007,md_acchu_sheik_joyd_,12/23/2018,0.288648649,698,1000,1822,1788,1317,1662,1731,987,2107,1705
2_20181223T043201_20181223T043736_T46QBM_00000000000000000007,md_acchu_sheik_joyd_,12/23/2018,0.293613471,745.6722689,1008.663866,1833,1812.672269,1325,1666,1727,989.8235294,2145,1753
2_20181228T043209_20181228T043927_T46QBM_00000000000000000007,md_acchu_sheik_joyd_,12/28/2018,0.367423282,950.8655462,1160.739496,2149,2305.680672,1492,1965,2140,1066.739496,2439,2087
2_20181228T043209_20181228T043927_T45QZG_00000000000000000007,md_acchu_sheik_joyd_,12/28/2018,0.34991119,966,1174,2179,2280,1479,1971,2158,1098,2375,1998
2_20190102T043151_20190102T043514_T45QZG_00000000000000000007,md_acchu_sheik_joyd_,1/2/2019,0.525500141,527,1005,2777,2707,1454,2613,2707,842,2385,1784
2_20190102T043151_20190102T043514_T46QBM_00000000000000000007,md_acchu_sheik_joyd_,1/2/2019,0.54502546,529.5546218,999.789916,2658,2786.319328,1475,2468,2556,820.512605,2445,1894
2_20190107T043149_20190107T043708_T46QBM_00000000000000000007,md_acchu_sheik_joyd_,1/7/2019,0.584125555,586.6554622,994.7058824,2796,3129.672269,1441,2550,2850,821.7394958,2453,1940
2_20190107T043149_20190107T043708_T45QZG_00000000000000000007,md_acchu_sheik_joyd_,1/7/2019,0.520167627,628,1030,2923,2902,1452,2684,3015,916,2349,1827
2_20190112T043141_20190112T043642_T46QBM_00000000000000000007,md_acchu_sheik_joyd_,1/12/2019,0.524951671,882.2016807,1254.319328,3096,3307.294118,1615,2663,2887,1030.453782,2238,1549
2_20190112T043141_20190112T043642_T45QZG_00000000000000000007,md_acchu_sheik_joyd_,1/12/2019,0.504273504,869,1240,3133,3168,1648,2746,2968,1044,2192,1508
2_20190117T043119_20190117T043639_T46QBM_00000000000000000007,md_acchu_sheik_joyd_,1/17/2019,0.50924371,794.1932773,1310.705882,3111,3454.184874,1672,2654,3040,1123.12605,2265,1716
2_20190122T043101_20190122T043322_T46QBM_00000000000000000007,md_acchu_sheik_joyd_,1/22/2019,0.548785628,626.5966387,1310.957983,3285,3739.277311,1697,2966,3302,1089.361345,2135,1515
2_20190122T043101_20190122T043322_T45QZG_00000000000000000007,md_acchu_sheik_joyd_,1/22/2019,0.550618319,625,1310,3354,3699,1761,2973,3450,1072,2086,1427
2_20190127T043039_20190127T043627_T45QZG_00000000000000000007,md_acchu_sheik_joyd_,1/27/2019,0.449010654,922,1250,2982,2856,1555,2522,2814,1086,2087,1492
2_20190127T043039_20190127T043627_T46QBM_00000000000000000007,md_acchu_sheik_joyd_,1/27/2019,0.47976431,900.210084,1234.621849,2932,2993.563025,1537,2493,2740,1052.352941,2177,1586
2_20190201T043011_20190201T044135_T46QBM_00000000000000000007,md_acchu_sheik_joyd_,2/1/2019,0.709975218,416.9747899,825.7394958,3079,3209.07563,1327,2544,2893,544.2521008,1930,1288
2_20190201T043011_20190201T044135_T45QZG_00000000000000000007,md_acchu_sheik_joyd_,2/1/2019,0.74056353,335,815,3120,3274,1312,2542,2831,488,1862,1262
2_20190206T042949_20190206T043539_T45QZG_00000000000000000007,md_acchu_sheik_joyd_,2/6/2019,0.554073645,706,930,2636,2680,1273,2158,2463,769,1815,1342
2_20190206T042949_20190206T043539_T46QBM_00000000000000000007,md_acchu_sheik_joyd_,2/6/2019,0.56236908,711.5546218,925.5882353,2694,2708.87395,1296,2177,2485,758.6722689,1913,1394
2_20190211T042921_20190211T043121_T46QBM_00000000000000000007,md_acchu_sheik_joyd_,2/11/2019,0.651989994,470.0084034,844.5042017,2897,2927.831933,1333,2476,2777,617.1344538,1964,1330
2_20190211T042921_20190211T043121_T45QZG_00000000000000000007,md_acchu_sheik_joyd_,2/11/2019,0.656758273,456,824,2785,2954,1314,2378,2718,612,1949,1311
2_20190221T042811_20190221T043725_T46QBM_00000000000000000007,md_acchu_sheik_joyd_,2/21/2019,0.456785437,655.7310924,872.6134454,2340,2179.87395,1269,1966,2143,812.8571429,1962,1395
2_20190221T042811_20190221T043725_T45QZG_00000000000000000007,md_acchu_sheik_joyd_,2/21/2019,0.451981195,643,847,2240,2162,1231,1875,2092,816,1952,1405
2_20190303T042701_20190303T042658_T46QBM_00000000000000000007,md_acchu_sheik_joyd_,3/3/2019,0.224411125,799.3109244,1096.033613,2218,1991.428571,1463,1991,2165,1261.361345,2419,2053
2_20190303T042701_20190303T042658_T45QZG_00000000000000000007,md_acchu_sheik_joyd_,3/3/2019,0.23132969,780,1088,2087,2028,1469,1855,2065,1266,2443,2111
2_20190308T042659_20190308T044054_T46QBM_00000000000000000007,md_acchu_sheik_joyd_,3/8/2019,0.193850123,1015.058824,1370.319328,2638,2358.512605,1646,2195,2511,1592.621849,2805,2441
2_20190308T042659_20190308T044054_T45QZG_00000000000000000007,md_acchu_sheik_joyd_,3/8/2019,0.209628887,996,1356,2546,2412,1742,2125,2405,1576,2859,2596
2_20190323T042701_20190323T043918_T46QBM_00000000000000000007,md_acchu_sheik_joyd_,3/23/2019,0.269701506,913.2436975,1297.02521,2910,2532.941176,1701,2443,2678,1457.159664,2812,2229
2_20190323T042701_20190323T043918_T45QZG_00000000000000000007,md_acchu_sheik_joyd_,3/23/2019,0.263342521,930,1272,2911,2521,1693,2489,2702,1470,2786,2215
2_20190328T042709_20190328T043805_T46QBM_00000000000000000007,md_acchu_sheik_joyd_,3/28/2019,0.226675379,953.3781513,1396.87395,3208,2561.159664,1783,2771,2985,1615.092437,2920,2336
2_20190328T042709_20190328T043805_T45QZG_00000000000000000007,md_acchu_sheik_joyd_,3/28/2019,0.2351521,951,1378,2988,2558,1823,2626,2738,1584,2944,2403
2_20190402T042701_20190402T044018_T46QBM_00000000000000000007,md_acchu_sheik_joyd_,4/2/2019,0.396196421,933.5042017,1244.655462,2957,2593.915966,1574,2693,2872,1121.714286,2466,1691
2_20190402T042701_20190402T044018_T45QZG_00000000000000000007,md_acchu_sheik_joyd_,4/2/2019,0.377389405,947,1252,2770,2522,1578,2647,2709,1140,2468,1706
2_20190407T042709_20190407T044140_T46QBM_00000000000000000007,md_acchu_sheik_joyd_,4/7/2019,0.544592935,775.0084034,1161.697479,3999,3225.462185,1506,3331,3818,950.9915966,2457,1415
2_20190407T042709_20190407T044140_T45QZG_00000000000000000007,md_acchu_sheik_joyd_,4/7/2019,0.557338367,780,1174,3797,3300,1525,3260,3706,938,2446,1431
2_20190417T042709_20190417T043607_T46QBM_00000000000000000007,md_acchu_sheik_joyd_,4/17/2019,0.723680574,386.7647059,832.4537815,4255,3685.630252,1341,3462,3950,590.4537815,2554,1515
2_20190417T042709_20190417T043607_T45QZG_00000000000000000007,md_acchu_sheik_joyd_,4/17/2019,0.694628571,426,852,4194,3707,1320,3350,3955,668,2531,1492
2_20190422T042711_20190422T043605_T45QZG_00000000000000000007,md_acchu_sheik_joyd_,4/22/2019,0.47962963,701,1166,3971,3196,1568,3324,3787,1124,2714,1750
2_20190422T042711_20190422T043605_T46QBM_00000000000000000007,md_acchu_sheik_joyd_,4/22/2019,0.508343008,664.9915966,1122.840336,3965,3248,1626,3260,3764,1058.672269,2782,1808
2_20190502T042711_20190502T042707_T46QBM_00000000000000000007,md_acchu_sheik_joyd_,5/2/2019,0.398197195,1326.722689,1358.05042,3408,3023.176471,1817,2893,3130,1300.957983,2498,1936
2_20190502T042711_20190502T042707_T45QZG_00000000000000000007,md_acchu_sheik_joyd_,5/2/2019,0.382761816,1332,1322,3368,2984,1796,2845,3126,1332,2484,1913
2_20190507T042709_20190507T043011_T45QZG_00000000000000000007,md_acchu_sheik_joyd_,5/7/2019,0.58339231,598,986,3907,3356,1415,3025,3576,883,2496,1531
2_20190507T042709_20190507T043011_T46QBM_00000000000000000007,md_acchu_sheik_joyd_,5/7/2019,0.522037694,878.8823529,1120.588235,3465,3037.521008,1458,2748,3203,954.1008403,2382,1533
2_20190527T042709_20190527T044047_T46QBM_00000000000000000007,md_acchu_sheik_joyd_,5/27/2019,0.215503874,1125.378151,1407.058824,2469,2284.991597,1854,2193,2361,1474.773109,2820,2357
2_20190527T042709_20190527T044047_T45QZG_00000000000000000007,md_acchu_sheik_joyd_,5/27/2019,0.208993357,1184,1478,2397,2366,1830,2123,2301,1548,2812,2329
2_20190611T042711_20190611T042706_T46QBM_00000000000000000007,md_acchu_sheik_joyd_,6/11/2019,0.42935299,988.7394958,1356.336134,3370,2954.344538,1756,2935,3232,1179.378151,2959,2138
2_20190611T042711_20190611T042706_T45QZG_00000000000000000007,md_acchu_sheik_joyd_,6/11/2019,0.425492034,1012,1394,3177,3042,1750,2805,3075,1226,2916,2154
2_20190621T042711_20190621T043605_T46QBM_00000000000000000007,md_acchu_sheik_joyd_,6/21/2019,0.515029058,876.6722689,1308,3751,3215.798319,1759,3293,3706,1029.361345,3104,2137
2_20190621T042711_20190621T043605_T45QZG_00000000000000000007,md_acchu_sheik_joyd_,6/21/2019,0.492329149,904,1360,3803,3210,1732,3328,3701,1092,3054,2056
2_20181223T043201_20181223T043736_T45QYG_00000000000000000001,md_anayet_ali_gong_f,12/23/2018,0.407236996,710.5828877,944.7700535,2228.122995,2058.855615,1195.048128,1946.550802,2103.112299,865.2032086,1773.465241,1240.026738
2_20181228T043209_20181228T043927_T45QYG_00000000000000000001,md_anayet_ali_gong_f,12/28/2018,0.54957696,688.144385,913.7165775,2410.705882,2636.86631,1191.283422,2176.491979,2220.508021,765.1764706,1784.053476,1195.40107
2_20190102T043151_20190102T043514_T45QYG_00000000000000000001,md_anayet_ali_gong_f,1/2/2019,0.531790504,568.7326203,880.8770053,2505.561497,2466.491979,1205.15508,2124.919786,2291.770053,749.9946524,1808.620321,1224.84492
2_20190107T043149_20190107T043708_T45QYG_00000000000000000001,md_anayet_ali_gong_f,1/7/2019,0.711080739,425.1069519,702.1604278,2742.893048,3135.68984,1069.529412,2346.818182,2593.438503,528.2994652,1882.459893,1187.962567
2_20190112T043141_20190112T043642_T45QYG_00000000000000000001,md_anayet_ali_gong_f,1/12/2019,0.548736671,824.5935829,1029.786096,2571.561497,2787.026738,1229.705882,2251.02139,2485.620321,811.2566845,1756.15508,1062.684492
2_20190117T043119_20190117T043639_T45QYG_00000000000000000001,md_anayet_ali_gong_f,1/17/2019,0.611895429,729.0588235,910.9518717,2531.97861,2863.165775,1113.962567,2195.812834,2470.192513,688.4010695,1559.208556,944.3957219
2_20190122T043101_20190122T043322_T45QYG_00000000000000000001,md_anayet_ali_gong_f,1/22/2019,0.647965067,529.7647059,764.7112299,2693.144385,2791.796791,1088,2243.919786,2562.203209,595.5187166,1660.641711,1066.262032
2_20190127T043039_20190127T043627_T45QYG_00000000000000000001,md_anayet_ali_gong_f,1/27/2019,0.597516011,718.1122995,891.9411765,2592.262032,2695.208556,1092.048128,2167.385027,2473.989305,678.3475936,1591.770053,958.6951872
2_20190201T043011_20190201T044135_T45QYG_00000000000000000001,md_anayet_ali_gong_f,2/1/2019,0.65689392,521.6096257,717.9839572,2452.352941,2620.887701,1005.497326,2017.946524,2258.053476,542.3743316,1510.465241,889.8235294
2_20190206T042949_20190206T043539_T45QYG_00000000000000000001,md_anayet_ali_gong_f,2/6/2019,0.656063597,619.4010695,828.2406417,2609.224599,2894.524064,1114.106952,2120.588235,2504.791444,600.2780749,1614.855615,972.7379679
2_20190211T042921_20190211T043121_T45QYG_00000000000000000001,md_anayet_ali_gong_f,2/11/2019,0.725630734,386.3957219,716.1818182,2761.534759,3104.235294,1109.486631,2343.786096,2640.721925,493.8181818,1808.631016,1144.802139
2_20190221T042811_20190221T043725_T45QYG_00000000000000000001,md_anayet_ali_gong_f,2/21/2019,0.56348013,506.8823529,786.9358289,2415.481283,2386.994652,1191.427807,2044.909091,2335.074866,666.3582888,1893.256684,1249.625668
2_20190226T042739_20190226T043910_T45QYG_00000000000000000001,md_anayet_ali_gong_f,2/26/2019,0.610928966,443.8074866,674.197861,1761.44385,2166.406417,898.1229947,1607.930481,1769.748663,522.9465241,1127.55615,550.1497326
2_20190303T042701_20190303T042658_T45QYG_00000000000000000001,md_anayet_ali_gong_f,3/3/2019,0.51684085,525.6470588,767.9358289,2190.363636,2110.673797,1126.347594,1890.877005,2029.160428,671.2727273,1680.122995,1128.636364
2_20190308T042659_20190308T044054_T45QYG_00000000000000000001,md_anayet_ali_gong_f,3/8/2019,0.471778795,671.368984,851.9572193,2260.213904,2179.037433,1199.620321,1933.090909,2181.828877,779.0427807,1858.219251,1298.02139
2_20190323T042701_20190323T043918_T45QYG_00000000000000000001,md_anayet_ali_gong_f,3/23/2019,0.315820076,770.9893048,1110.823529,2554.165775,2340.385027,1541.294118,2165.930481,2346.101604,1217.208556,2449.73262,1917.807487
2_20190328T042709_20190328T043805_T45QYG_00000000000000000001,md_anayet_ali_gong_f,3/28/2019,0.273411761,865.1497326,1187.229947,2560.721925,2433.251337,1572.02139,2187.048128,2515.486631,1389.005348,2588.668449,2050.914439
2_20190407T042709_20190407T044140_T45QYG_00000000000000000001,md_anayet_ali_gong_f,4/7/2019,0.354159792,530.144385,809.7219251,2096.42246,1912.160428,1187.657754,1818.283422,2085.294118,897.7272727,1866.235294,1294.128342
2_20190412T042711_20190412T042705_T45QYG_00000000000000000001,md_anayet_ali_gong_f,4/12/2019,0.227789857,708.657754,967.2834225,2082.048128,1710.181818,1304.459893,1755.080214,1867.791444,1069.486631,1986.347594,1415.085561
2_20190417T042709_20190417T043607_T45QYG_00000000000000000001,md_anayet_ali_gong_f,4/17/2019,0.224550012,835.0949721,1139.083799,2562,1939.821229,1396,2058,2390,1203.363128,1594,1052
2_20190422T042711_20190422T043605_T45QYG_00000000000000000001,md_anayet_ali_gong_f,4/22/2019,0.25321251,610.973262,925.4705882,2371.342246,1694.245989,1429.187166,2114.31016,2284.893048,986.2780749,1901.727273,1274.40107
2_20190427T042709_20190427T044045_T45QYG_00000000000000000001,md_anayet_ali_gong_f,4/27/2019,0.315885541,1114.402235,1298.011173,2772,2280.089385,1585,2259,2689,1181.653631,2037,1422
2_20190502T042711_20190502T042707_T45QYG_00000000000000000001,md_anayet_ali_gong_f,5/2/2019,0.382394181,1088.663102,1445.15508,3734.064171,3024.898396,1896.44385,3086.860963,3392.914439,1350.438503,2834.283422,1914.294118
2_20190507T042709_20190507T043011_T45QYG_00000000000000000001,md_anayet_ali_gong_f,5/7/2019,0.449174871,566.5882353,988.2032086,2806.818182,2325.657754,1434.13369,2315.262032,2698.240642,883.1604278,1826.983957,1171.042781
2_20190512T042711_20190512T042707_T45QYG_00000000000000000001,md_anayet_ali_gong_f,5/12/2019,0.38611918,1168.673797,1336.331551,2889.871658,2565.71123,1574.807487,2530,2803.304813,1137.828877,2148.727273,1386.737968
2_20190517T042709_20190517T043610_T45QYG_00000000000000000001,md_anayet_ali_gong_f,5/17/2019,0.520398218,849.0855615,1079.144385,3124.652406,2718.459893,1398.550802,2542.593583,3048.786096,858.5614973,2225.561497,1323.44385
2_20190522T042711_20190522T043836_T45QYG_00000000000000000001,md_anayet_ali_gong_f,5/22/2019,0.596037244,913.2352941,1221.122995,4269.652406,3636.010695,1516.705882,3370.898396,3853.465241,923.9251337,2862.946524,1757.294118
2_20190527T042709_20190527T044047_T45QYG_00000000000000000001,md_anayet_ali_gong_f,5/27/2019,0.674434468,857.8930481,1089.903743,4028.417112,3874.064171,1388.491979,3265.053476,3957.449198,753.1764706,2443.957219,1325.342246
2_20190601T042711_20190601T043947_T45QYG_00000000000000000001,md_anayet_ali_gong_f,6/1/2019,0.747123961,384.6256684,870.1283422,4263.609626,4067.42246,1373.668449,3462.128342,4013.818182,588.368984,2637.117647,1542.406417
2_20190611T042711_20190611T042706_T45QYG_00000000000000000001,md_anayet_ali_gong_f,6/11/2019,0.673036347,725.8074866,1042.919786,3998.240642,3548.887701,1440.101604,3291.438503,3746.074866,692.7486631,2557.085561,1390.898396
2_20181223T043201_20181223T043736_T45QYG_00000000000000000004,md_arif_domra_farid,12/23/2018,0.258222488,818.4879852,1050.639556,1860.116451,1770.495379,1279.279113,1704.513863,1827.881701,1039.365989,1837.926063,1473.029575
2_20181228T043209_20181228T043927_T45QYG_00000000000000000004,md_arif_domra_farid,12/28/2018,0.286291213,836.1829945,1065.463956,1849.558226,1896.273567,1312.698706,1727.948244,1795.426987,1051.338262,1875.454713,1539.64695
2_20190102T043151_20190102T043514_T45QYG_00000000000000000004,md_arif_domra_farid,1/2/2019,0.291247575,675.077634,952.5304991,1856.2939,1780.436229,1268.4122,1659.743068,1723.23475,977.0036969,1863.602588,1492.728281
2_20190107T043149_20190107T043708_T45QYG_00000000000000000004,md_arif_domra_farid,1/7/2019,0.335991958,625.6266174,901.194085,1842.582255,1837.67098,1210.985213,1716.90573,1797.582255,912.9630314,1925.720887,1513.7061
2_20190112T043141_20190112T043642_T45QYG_00000000000000000004,md_arif_domra_farid,1/12/2019,0.30970396,904.2144177,1097.497227,1956.515712,1935.663586,1307.970425,1782.308688,1896.35305,1020.031423,1823.264325,1398.2939
2_20190117T043119_20190117T043639_T45QYG_00000000000000000004,md_arif_domra_farid,1/17/2019,0.348401956,850.8022181,1019.970425,1941.256932,1970.19963,1250.977819,1785.911275,1906.948244,952.1090573,1834.780037,1388.669131
2_20190122T043101_20190122T043322_T45QYG_00000000000000000004,md_arif_domra_farid,1/22/2019,0.418340455,703.9648799,934.3142329,2088.948244,2052.628466,1210.051756,1862.889094,1989.903882,841.6857671,1798.669131,1284.051756
2_20190127T043039_20190127T043627_T45QYG_00000000000000000004,md_arif_domra_farid,1/27/2019,0.473814864,787.4325323,962.4879852,2307.785582,2266.003697,1182.434381,2024.985213,2254.911275,808.9149723,1830.419593,1279.110906
2_20190201T043011_20190201T044135_T45QYG_00000000000000000004,md_arif_domra_farid,2/1/2019,0.560765153,532.025878,809.6950092,2418.968577,2455.275416,1158.669131,2181.536044,2377.227357,690.6062847,1809.676525,1195.515712
2_20190206T042949_20190206T043539_T45QYG_00000000000000000004,md_arif_domra_farid,2/6/2019,0.536713282,711.1016636,899.7689464,2394.292052,2451.068392,1160.824399,2106.476895,2299.852126,738.7874307,1779.486137,1195.214418
2_20190211T042921_20190211T043121_T45QYG_00000000000000000004,md_arif_domra_farid,2/11/2019,0.589625527,565.8207024,866.663586,2647.299445,2728.177449,1251.096118,2377.131238,2562.116451,704.1349353,1816.05915,1183.868762
2_20190221T042811_20190221T043725_T45QYG_00000000000000000004,md_arif_domra_farid,2/21/2019,0.502454245,616.7356747,894.1460259,2367.454713,2338.292052,1269.022181,2086.528651,2237.829945,774.4177449,1880.4122,1299.207024
2_20190226T042739_20190226T043910_T45QYG_00000000000000000004,md_arif_domra_farid,2/26/2019,0.464808991,1059.318436,1147.75419,2739,2499.798883,1449,2262,2618,913.2960894,1846,1194
2_20190303T042701_20190303T042658_T45QYG_00000000000000000004,md_arif_domra_farid,3/3/2019,0.454971094,542.3456562,798.3548983,1876.863216,1824.51756,1136.471349,1669.561922,1753.863216,682.6746765,1641.103512,1129.279113
2_20190308T042659_20190308T044054_T45QYG_00000000000000000004,md_arif_domra_farid,3/8/2019,0.368328058,748.0147874,960.5286506,1942.63586,1988.595194,1283.441774,1728.781885,1905.561922,915.2421442,2051.390018,1596.197782
2_20190323T042701_20190323T043918_T45QYG_00000000000000000004,md_arif_domra_farid,3/23/2019,0.173381321,941.0683919,1270.883549,2117.007394,2056,1619.94085,1873.933457,2002.7061,1448.243993,2386.131238,2029.190388
2_20190328T042709_20190328T043805_T45QYG_00000000000000000004,md_arif_domra_farid,3/28/2019,0.2075272,859.5249538,1201.881701,2185.308688,2123.959335,1655.632163,1892.617375,2073.94085,1392.998152,2536.698706,2157.977819
2_20190407T042709_20190407T044140_T45QYG_00000000000000000004,md_arif_domra_farid,4/7/2019,0.291889757,471.7652495,728.7855823,1465.609982,1430.720887,1076.683919,1377.669131,1440.874307,778,1607.926063,1155.624769
2_20190412T042711_20190412T042705_T45QYG_00000000000000000004,md_arif_domra_farid,4/12/2019,0.234807534,771.0591497,1070.380776,2237.338262,1865.338262,1459.345656,1917.992606,1994.367837,1155.216266,2141.271719,1586.881701
2_20190417T042709_20190417T043607_T45QYG_00000000000000000004,md_arif_domra_farid,4/17/2019,0.300149264,798.4565619,1236.595194,2686.902033,2454.50647,1697.212569,2264.639556,2527.057301,1321.534196,2651.772643,2006.970425
2_20190422T042711_20190422T043605_T45QYG_00000000000000000004,md_arif_domra_farid,4/22/2019,0.310481921,873.3622921,1346.044362,3123.573013,2697.471349,1842.382625,2711.676525,2952.676525,1411.914972,2718,2026.242144
2_20190427T042709_20190427T044045_T45QYG_00000000000000000004,md_arif_domra_farid,4/27/2019,0.338494903,1129.585952,1348.369686,2888.778189,2592.757856,1679.624769,2419.659889,2789.852126,1281.053604,2706.426987,2019.441774
2_20190502T042711_20190502T042707_T45QYG_00000000000000000004,md_arif_domra_farid,5/2/2019,0.397163728,1141.312384,1586.539741,3926.020333,3464.898336,2050.308688,3348.351201,3625.38817,1494.166359,3019.014787,2098.35305
2_20190507T042709_20190507T043011_T45QYG_00000000000000000004,md_arif_domra_farid,5/7/2019,0.506398559,519.728281,1069.441774,3209.550832,3000.262477,1567.110906,2744.513863,3031.042514,981.8743068,2448.184843,1588.25878
2_20190517T042709_20190517T043610_T45QYG_00000000000000000004,md_arif_domra_farid,5/17/2019,0.611884135,853.6783734,1125.674677,3607.737523,3319.92976,1500.308688,3101.942699,3438.177449,798.7319778,2196.177449,1180.397412
2_20190522T042711_20190522T043836_T45QYG_00000000000000000004,md_arif_domra_farid,5/22/2019,0.677932955,882.3567468,1216.003697,4308.818854,4076.513863,1618.140481,3617.524954,4025.937153,782.2883549,2436.486137,1299.022181
2_20190527T042709_20190527T044047_T45QYG_00000000000000000004,md_arif_domra_farid,5/27/2019,0.655021079,918.9426987,1185.711645,4071.850277,3873.892791,1557.911275,3297.560074,3952.781885,806.8983364,2375.19963,1286.632163
2_20190601T042711_20190601T043947_T45QYG_00000000000000000004,md_arif_domra_farid,6/1/2019,0.820895358,303.6561922,918.219963,4407.009242,4474.521257,1586.073937,3803.935305,4100.31793,438.3530499,2382.831793,1276.367837
2_20190611T042711_20190611T042706_T45QYG_00000000000000000004,md_arif_domra_farid,6/11/2019,0.642272112,842.9168207,1227.955638,3757.343808,3693.92976,1692.390018,3247.558226,3545.469501,800.3512015,2344.295749,1278.110906
2_20181223T043201_20181223T043736_T45QYG_00000000000000000000,md_gias_uddin_gong_f,12/23/2018,0.210436587,812,1058.257669,1684,1759.214724,1255,1550,1645,1147.300613,1873,1574
2_20181228T043209_20181228T043927_T45QYG_00000000000000000000,md_gias_uddin_gong_f,12/28/2018,0.231415291,921.208589,1147.791411,1938,1977.705521,1365,1791,1823,1234.02454,2073,1690
2_20190102T043151_20190102T043514_T45QYG_00000000000000000000,md_gias_uddin_gong_f,1/2/2019,0.259536277,597.7546012,777.8343558,1557,1390.134969,1111,1345,1464,817.2760736,1673,1310
2_20190107T043149_20190107T043708_T45QYG_00000000000000000000,md_gias_uddin_gong_f,1/7/2019,0.398909792,493.9079755,713.5521472,1656,1681.815951,919,1408,1541,719.1656442,1491,1039
2_20190112T043141_20190112T043642_T45QYG_00000000000000000000,md_gias_uddin_gong_f,1/12/2019,0.318694179,913.3251534,1092.02454,2057,2028.03681,1266,1832,1966,1046.932515,1780,1289
2_20190117T043119_20190117T043639_T45QYG_00000000000000000000,md_gias_uddin_gong_f,1/17/2019,0.35920441,874.5030675,1045.815951,2190,2150.429448,1243,1975,2147,1013.503067,1894,1310
2_20190122T043101_20190122T043322_T45QYG_00000000000000000000,md_gias_uddin_gong_f,1/22/2019,0.39238681,649.1042945,939.1165644,2339,2082.981595,1142,1975,2147,908.8466258,1819,1252
2_20190127T043039_20190127T043627_T45QYG_00000000000000000000,md_gias_uddin_gong_f,1/27/2019,0.481090818,798.7484663,983.9570552,2615,2421.877301,1088,2072,2378,848.4355828,1735,1178
2_20190201T043011_20190201T044135_T45QYG_00000000000000000000,md_gias_uddin_gong_f,2/1/2019,0.457461479,671.8957055,883.6748466,2386,2231.104294,1087,2088,2303,830.1411043,1789,1140
2_20190206T042949_20190206T043539_T45QYG_00000000000000000000,md_gias_uddin_gong_f,2/6/2019,0.504551012,754.9570552,934.0368098,2708,2565.141104,1138,2227,2596,844.9815951,1730,1114
2_20190211T042921_20190211T043121_T45QYG_00000000000000000000,md_gias_uddin_gong_f,2/11/2019,0.556166055,571.9325153,898.1288344,2963,2770.527607,1183,2525,2929,789.8282209,1837,1167
2_20190221T042811_20190221T043725_T45QYG_00000000000000000000,md_gias_uddin_gong_f,2/21/2019,0.514685939,645.6993865,934.5705521,2852,2630.613497,1224,2386,2763,843.0858896,1881,1238
2_20190226T042739_20190226T043910_T45QYG_00000000000000000000,md_gias_uddin_gong_f,2/26/2019,0.66508152,491.3742331,711.7116564,2780,2587.288344,963,2227,2731,520,1431,725
2_20190303T042701_20190303T042658_T45QYG_00000000000000000000,md_gias_uddin_gong_f,3/3/2019,0.631340372,491.9447853,763.9693252,2834,2544.159509,1000,2217,2630,574.9570552,1514,902
2_20190308T042659_20190308T044054_T45QYG_00000000000000000000,md_gias_uddin_gong_f,3/8/2019,0.571833362,623.8957055,804.3374233,2560,2362.02454,1007,2037,2401,643.4171779,1654,1023
2_20190323T042701_20190323T043918_T45QYG_00000000000000000000,md_gias_uddin_gong_f,3/23/2019,0.163193948,918,1277.582822,2160,2009.092025,1625,1875,1976,1445.484663,2506,2125
2_20190328T042709_20190328T043805_T45QYG_00000000000000000000,md_gias_uddin_gong_f,3/28/2019,0.193448107,906.7484663,1232.306748,2323,2135.067485,1591,1926,2150,1442.883436,2606,2075
2_20190407T042709_20190407T044140_T45QYG_00000000000000000000,md_gias_uddin_gong_f,4/7/2019,0.180551378,544.6257669,742.9509202,1559,1315.165644,1068,1430,1522,912.8466258,1666,1270
2_20190412T042711_20190412T042705_T45QYG_00000000000000000000,md_gias_uddin_gong_f,4/12/2019,0.18120737,774.0368098,948.1717791,1894,1567.325153,1276,1670,1808,1086.441718,1961,1516
2_20190417T042709_20190417T043607_T45QYG_00000000000000000000,md_gias_uddin_gong_f,4/17/2019,0.16299526,915.595092,1329.423313,2444,2235.447853,1726,2139,2287,1608.625767,2758,2311
2_20190422T042711_20190422T043605_T45QYG_00000000000000000000,md_gias_uddin_gong_f,4/22/2019,0.15406043,1069.325153,1536.932515,2636,2499.705521,1959,2304,2492,1832.04908,2970,2453
2_20190427T042709_20190427T044045_T45QYG_00000000000000000000,md_gias_uddin_gong_f,4/27/2019,0.27759112,1202,1438.441718,2792,2557.496933,1724,2356,2682,1445.742331,2813,2358
2_20190502T042711_20190502T042707_T45QYG_00000000000000000000,md_gias_uddin_gong_f,5/2/2019,0.307300925,1294.441718,1699.95092,3668,3299.447853,2153,3139,3399,1748.159509,3313,2502
2_20190507T042709_20190507T043011_T45QYG_00000000000000000000,md_gias_uddin_gong_f,5/7/2019,0.534071614,479.8711656,963.797546,3200,2906.773006,1516,2748,2997,882.7300613,2464,1545
2_20190512T042711_20190512T042707_T45QYG_00000000000000000000,md_gias_uddin_gong_f,5/12/2019,0.410849363,1301.607362,1570.306748,3854,3442.662577,2021,3329,3671,1437.263804,2656,1657
2_20190517T042709_20190517T043610_T45QYG_00000000000000000000,md_gias_uddin_gong_f,5/17/2019,0.679164904,875.4662577,1135.092025,4242,4027.190184,1488,3516,4163,769.4417178,2622,1424
2_20190522T042711_20190522T043836_T45QYG_00000000000000000000,md_gias_uddin_gong_f,5/22/2019,0.770948353,809.9570552,1173.092025,5588,5216.294479,1470,4401,5073,674.4294479,3060,1598
2_20190527T042709_20190527T044047_T45QYG_00000000000000000000,md_gias_uddin_gong_f,5/27/2019,0.769101623,864.5828221,1204.883436,5570,5463.95092,1534,4474,5371,713.1288344,3105,1622
2_20190601T042711_20190601T043947_T45QYG_00000000000000000000,md_gias_uddin_gong_f,6/1/2019,0.883584203,216.9754601,836.9263804,6441,5953.619632,1307,5069,5865,367.9079755,2992,1446
2_20190611T042711_20190611T042706_T45QYG_00000000000000000000,md_gias_uddin_gong_f,6/11/2019,0.806041461,633.9631902,1038.601227,5749,5351.754601,1368,4567,5361,574.6625767,2912,1462
2_20181223T043201_20181223T043736_T45QYG_00000000000000000002,md_hannan_gong_fari,12/23/2018,0.630331705,608.1533333,837.3733333,2372.286667,2801.666667,1012.493333,1989.826667,2214.526667,633.5866667,1597.493333,992.3333333
2_20181228T043209_20181228T043927_T45QYG_00000000000000000002,md_hannan_gong_fari,12/28/2018,0.682097625,671.8666667,855.04,2743.66,3405.6,1078.1,2148.486667,2545.013333,639.0266667,1699.513333,1062.906667
2_20190102T043151_20190102T043514_T45QYG_00000000000000000002,md_hannan_gong_fari,1/2/2019,0.713448638,504.86,759.9866667,2724.573333,3296.933333,1061.64,2312.373333,2563.306667,549.6866667,1671.753333,1012.58
2_20190107T043149_20190107T043708_T45QYG_00000000000000000002,md_hannan_gong_fari,1/7/2019,0.741443232,479.24,740.8466667,2979.58,3534.28,1029.5,2393.786667,2741.993333,514.8533333,1741.306667,1079.14
2_20190112T043141_20190112T043642_T45QYG_00000000000000000002,md_hannan_gong_fari,1/12/2019,0.568556945,826.8,1005.846667,2680.953333,2963.026667,1219.213333,2213.48,2440.06,805.1133333,1683.926667,1010.406667
2_20190117T043119_20190117T043639_T45QYG_00000000000000000002,md_hannan_gong_fari,1/17/2019,0.629597971,734.9066667,900.6133333,2735.806667,3098.893333,1097.193333,2144.406667,2482.593333,696.3666667,1703.006667,1068.953333
2_20190122T043101_20190122T043322_T45QYG_00000000000000000002,md_hannan_gong_fari,1/22/2019,0.644930202,569.6533333,815.5333333,2714.866667,3042.04,1121.606667,2130.333333,2436.186667,655.94,1744.053333,1143.673333
2_20190127T043039_20190127T043627_T45QYG_00000000000000000002,md_hannan_gong_fari,1/27/2019,0.414434947,859.4066667,988.24,2498.753333,2357.253333,1204.586667,2109.24,2348.806667,976.2666667,2087.793333,1492.733333
2_20190201T043011_20190201T044135_T45QYG_00000000000000000002,md_hannan_gong_fari,2/1/2019,0.451366389,664.6866667,860.96,2405.326667,2301.026667,1112.44,1918.853333,2129.4,870.48,1859.366667,1303.306667
2_20190206T042949_20190206T043539_T45QYG_00000000000000000002,md_hannan_gong_fari,2/6/2019,0.448002661,768.38,955.8066667,2448.8,2462.093333,1181.073333,2033.806667,2299.686667,938.9666667,2158.026667,1552.62
2_20190211T042921_20190211T043121_T45QYG_00000000000000000002,md_hannan_gong_fari,2/11/2019,0.478033148,644.3133333,908.94,2634.626667,2628.2,1196.7,2105.613333,2337.333333,927.1933333,2063.173333,1443.706667
2_20190221T042811_20190221T043725_T45QYG_00000000000000000002,md_hannan_gong_fari,2/21/2019,0.248875921,852.18,1131.68,2265.053333,2088,1313.986667,1879.773333,2135.46,1257.853333,2044.946667,1589.026667
2_20190226T042739_20190226T043910_T45QYG_00000000000000000002,md_hannan_gong_fari,2/26/2019,0.383019864,649.4933333,738.1466667,1810.44,1712.72,1017.28,1501.966667,1699.053333,764.5,1697.246667,1100.553333
2_20190303T042701_20190303T042658_T45QYG_00000000000000000002,md_hannan_gong_fari,3/3/2019,0.287829267,595.1266667,820.1266667,1836.666667,1581.866667,1132.626667,1559.54,1701.5,874.7933333,1820.98,1358.306667
2_20190308T042659_20190308T044054_T45QYG_00000000000000000002,md_hannan_gong_fari,3/8/2019,0.306406794,841.2933333,1037.36,2092.666667,1984.08,1269.02,1762.4,1979.426667,1053.32,2229.74,1771.446667
2_20190323T042701_20190323T043918_T45QYG_00000000000000000002,md_hannan_gong_fari,3/23/2019,0.26078212,883.5866667,1239.12,2582.033333,2303.706667,1529.38,2268.386667,2485.546667,1354.8,2351.82,1832.133333
2_20190328T042709_20190328T043805_T45QYG_00000000000000000002,md_hannan_gong_fari,3/28/2019,0.246011147,924.1,1277.76,2726.146667,2409.4,1625.226667,2290.086667,2586.88,1459.426667,2646.26,2166.366667
2_20190407T042709_20190407T044140_T45QYG_00000000000000000002,md_hannan_gong_fari,4/7/2019,0.315610807,537.8533333,773.1333333,2331.3,1719.306667,1123.733333,1854.8,2089.793333,894.46,1915.373333,1321.493333
2_20190412T042711_20190412T042705_T45QYG_00000000000000000002,md_hannan_gong_fari,4/12/2019,0.288312945,716.94,961.0466667,2466.78,1840.88,1277.946667,1989.266667,2243.506667,1008.866667,2008.686667,1373.413333
2_20190417T042709_20190417T043607_T45QYG_00000000000000000002,md_hannan_gong_fari,4/17/2019,0.283435744,814.6066667,1182.653333,2935.373333,2421.293333,1472.673333,2331.353333,2706.58,1354.666667,2575.326667,1902.353333
2_20190422T042711_20190422T043605_T45QYG_00000000000000000002,md_hannan_gong_fari,4/22/2019,0.265315762,1004.413333,1495.653333,3264.433333,2929.066667,1690,2779.84,3095.253333,1703.4,2720.52,2034.626667
2_20190427T042709_20190427T044045_T45QYG_00000000000000000002,md_hannan_gong_fari,4/27/2019,0.341043457,1184.68,1426.04,3207.66,2872.92,1690.986667,2582.406667,3022.913333,1410.586667,2901.24,2155.52
2_20190502T042711_20190502T042707_T45QYG_00000000000000000002,md_hannan_gong_fari,5/2/2019,0.430453283,1165.706667,1604.693333,4129.16,3800.106667,1927.846667,3466.9,3861.26,1512.813333,3195.286667,2215.513333
2_20190507T042709_20190507T043011_T45QYG_00000000000000000002,md_hannan_gong_fari,5/7/2019,0.747125679,367.1933333,965.1133333,4010.866667,4082.013333,1462.1,3340.193333,3917.84,590.7,2644.14,1530.333333
2_20190512T042711_20190512T042707_T45QYG_00000000000000000002,md_hannan_gong_fari,5/12/2019,0.50155521,1376,1560,3840,3862,1838,3293,3741,1282,2680,1702
2_20190517T042709_20190517T043610_T45QYG_00000000000000000002,md_hannan_gong_fari,5/17/2019,0.703857886,844.5333333,1153.28,4337.3,4405.093333,1475.52,3531.486667,4118.573333,765.5133333,2628.486667,1470.84
2_20190522T042711_20190522T043836_T45QYG_00000000000000000002,md_hannan_gong_fari,5/22/2019,0.742939771,791.14,1169.333333,4792.266667,4987.306667,1437.6,3783.2,4306.466667,735.6533333,2756.026667,1541.926667
2_20190527T042709_20190527T044047_T45QYG_00000000000000000002,md_hannan_gong_fari,5/27/2019,0.741955204,866.7866667,1157.32,4668.16,4920.346667,1481.626667,3686.333333,4477.94,728.94,2771.353333,1530.4
2_20190601T042711_20190601T043947_T45QYG_00000000000000000002,md_hannan_gong_fari,6/1/2019,0.857432455,273.1866667,822.6533333,4755.14,5251.173333,1326.893333,3797.953333,4368.646667,403.3466667,2571.906667,1385.873333
2_20190611T042711_20190611T042706_T45QYG_00000000000000000002,md_hannan_gong_fari,6/11/2019,0.775812309,725.4866667,1108.893333,4710.473333,5138.346667,1463.253333,3840.593333,4377.386667,647.5466667,2718.753333,1474.94
2_20181223T043201_20181223T043736_T45QYG_00000000000000000003,md_jafor_mon_domra_f,12/23/2018,0.519249775,659.1420765,866.2021858,2100.786885,2209.901639,1052.409836,1778.273224,1943.382514,697.9562842,1592.15847,968.6338798
2_20181228T043209_20181228T043927_T45QYG_00000000000000000003,md_jafor_mon_domra_f,12/28/2018,0.591271084,631.852459,815.7322404,2164.409836,2640.52459,1035.519126,1875.344262,2094.240437,676.1803279,1613.852459,968.0819672
2_20190102T043151_20190102T043514_T45QYG_00000000000000000003,md_jafor_mon_domra_f,1/2/2019,0.569343275,544.4918033,761.8415301,2337.180328,2338.349727,1076.005464,1834.010929,2092,640.568306,1610.131148,958.3661202
2_20190107T043149_20190107T043708_T45QYG_00000000000000000003,md_jafor_mon_domra_f,1/7/2019,0.684298734,455.8360656,679.4043716,2377,2849.781421,1028.404372,1978.693989,2190.655738,532.9726776,1729.333333,1016.535519
2_20190112T043141_20190112T043642_T45QYG_00000000000000000003,md_jafor_mon_domra_f,1/12/2019,0.516413136,854.1038251,974.8142077,2198.770492,2486.863388,1188.076503,1876.284153,2110.562842,793,1571.961749,925.8579235
2_20190117T043119_20190117T043639_T45QYG_00000000000000000003,md_jafor_mon_domra_f,1/17/2019,0.57933237,729.0983607,858.2622951,2293.262295,2633.114754,1083.234973,1897.907104,2106.20765,701.0382514,1603.256831,922.8797814
2_20190122T043101_20190122T043322_T45QYG_00000000000000000003,md_jafor_mon_domra_f,1/22/2019,0.65232818,547.1202186,761.9945355,2419.120219,2794.994536,1038.540984,2077.234973,2192.213115,587.6885246,1559.169399,911.0874317
2_20190127T043039_20190127T043627_T45QYG_00000000000000000003,md_jafor_mon_domra_f,1/27/2019,0.658668622,660.8579235,856.9180328,2634.52459,2979.978142,1091.89071,2144.775956,2430.846995,612.7322404,1748.032787,1034.448087
2_20190201T043011_20190201T044135_T45QYG_00000000000000000003,md_jafor_mon_domra_f,2/1/2019,0.776228353,398.8142077,663.3005464,2829.819672,3465.234973,964.9453552,2253.087432,2488.284153,436.4043716,1613.901639,888.0655738
2_20190206T042949_20190206T043539_T45QYG_00000000000000000003,md_jafor_mon_domra_f,2/6/2019,0.715803055,604.4699454,812.2404372,2836.622951,3426.338798,1018.846995,2237.038251,2610.775956,567.3661202,1701,959.0710383
2_20190211T042921_20190211T043121_T45QYG_00000000000000000003,md_jafor_mon_domra_f,2/11/2019,0.793734624,427.9125683,714.7322404,3190.092896,3894.95082,1030.513661,2542.224044,2854.814208,447.8579235,1680.84153,937.1967213
2_20190221T042811_20190221T043725_T45QYG_00000000000000000003,md_jafor_mon_domra_f,2/21/2019,0.747093966,504.1857923,783.7759563,2958.912568,3536.939891,1069.191257,2467.688525,2844.387978,512,1751.016393,1020.568306
2_20190226T042739_20190226T043910_T45QYG_00000000000000000003,md_jafor_mon_domra_f,2/26/2019,0.454323002,994,1484,3326,3566,1813,2814,3192,1338,2171,1436
2_20190303T042701_20190303T042658_T45QYG_00000000000000000003,md_jafor_mon_domra_f,3/3/2019,0.696388079,540.6721311,814.1420765,2869.322404,3145.956284,1197,2416.016393,2575.31694,563.0601093,1854.355191,1114.868852
2_20190308T042659_20190308T044054_T45QYG_00000000000000000003,md_jafor_mon_domra_f,3/8/2019,0.528153008,712.0437158,925.2677596,2465.519126,2568.262295,1234.715847,2042.754098,2227.076503,791.8469945,2131.819672,1356.262295
2_20190323T042701_20190323T043918_T45QYG_00000000000000000003,md_jafor_mon_domra_f,3/23/2019,0.228084766,876.010929,1184,2237.781421,2075.803279,1368.021858,1943.202186,2113.710383,1304.928962,2062.333333,1653.103825
2_20190328T042709_20190328T043805_T45QYG_00000000000000000003,md_jafor_mon_domra_f,3/28/2019,0.206924516,834.9836066,1144.896175,2225.169399,2063.978142,1452.469945,1811.185792,2019.420765,1354.743169,2315.852459,1848.912568
2_20190407T042709_20190407T044140_T45QYG_00000000000000000003,md_jafor_mon_domra_f,4/7/2019,0.285970417,471.8306011,725.5519126,1790.617486,1459.639344,1081.956284,1509.923497,1680.852459,806.1202186,1719.163934,1195.754098
2_20190412T042711_20190412T042705_T45QYG_00000000000000000003,md_jafor_mon_domra_f,4/12/2019,0.269845519,739.7322404,1031.628415,2296.311475,1837.060109,1336.174863,1877.748634,2029.300546,1056.52459,2063.213115,1459.590164
2_20190417T042709_20190417T043607_T45QYG_00000000000000000003,md_jafor_mon_domra_f,4/17/2019,0.305326368,719.8688525,1067.464481,2547.612022,2236.983607,1457.661202,2242.868852,2360.590164,1191.04918,2442.934426,1698.15847
2_20190422T042711_20190422T043605_T45QYG_00000000000000000003,md_jafor_mon_domra_f,4/22/2019,0.308915416,829.0874317,1247.213115,2863.666667,2538.907104,1550.20765,2388.262295,2602.191257,1342.546448,2493.448087,1820.027322
2_20190427T042709_20190427T044045_T45QYG_00000000000000000003,md_jafor_mon_domra_f,4/27/2019,0.331794043,1123.103825,1293.628415,2632.163934,2458.491803,1552.311475,2211.360656,2533.666667,1233.508197,2507.863388,1881.934426
2_20190502T042711_20190502T042707_T45QYG_00000000000000000003,md_jafor_mon_domra_f,5/2/2019,0.32733638,1201.136612,1590.644809,3542.513661,3163.770492,1968.087432,2953.349727,3252.540984,1603.57377,2979.666667,2165.382514
2_20190507T042709_20190507T043011_T45QYG_00000000000000000003,md_jafor_mon_domra_f,5/7/2019,0.48474778,615.5901639,965.5628415,3034.601093,2750.939891,1403.349727,2499.202186,2868.68306,955.4153005,2425.748634,1579.398907
2_20190512T042711_20190512T042707_T45QYG_00000000000000000003,md_jafor_mon_domra_f,5/12/2019,0.393158954,1478,1648,3655,3462,1998,3034,3384,1508,2796,1847
2_20190517T042709_20190517T043610_T45QYG_00000000000000000003,md_jafor_mon_domra_f,5/17/2019,0.529276402,896.7923497,1119.912568,3204.52459,2933.136612,1424.103825,2569.491803,3088.300546,900.5191257,2218.819672,1324
2_20190522T042711_20190522T043836_T45QYG_00000000000000000003,md_jafor_mon_domra_f,5/22/2019,0.530460236,1081.420765,1284.513661,3828.661202,3519.04918,1556.377049,3009.797814,3404.147541,1080.983607,2611.174863,1645.459016
2_20190527T042709_20190527T044047_T45QYG_00000000000000000003,md_jafor_mon_domra_f,5/27/2019,0.596860861,1074.163934,1218.568306,3641.786885,3636.131148,1499.180328,3084.311475,3606.781421,914.8306011,2402.47541,1390.371585
2_20190601T042711_20190601T043947_T45QYG_00000000000000000003,md_jafor_mon_domra_f,6/1/2019,0.75640961,408.1639344,923.3606557,4392.174863,4446.469945,1467.087432,3577.530055,4036.857923,613.284153,2415.562842,1359.398907
2_20190611T042711_20190611T042706_T45QYG_00000000000000000003,md_jafor_mon_domra_f,6/11/2019,0.607718127,785.5628415,1010.10929,2850.284153,3028.174863,1129.808743,2447.180328,2662.382514,737.273224,1513.846995,841
2_20181223T043201_20181223T043736_T45QZG_00000000000000000005,md_jinna_shei_joyd_f,12/23/2018,0.363979732,699.3296089,919.1452514,2166.044693,1956.189944,1284.189944,1818.195531,2075.005587,910.5418994,2258.47486,1767.441341
2_20181223T043201_20181223T043736_T46QBM_00000000000000000005,md_jinna_shei_joyd_f,12/23/2018,0.329068909,751.3448276,963.1666667,2116,1882.804598,1283,1811,2053,945.816092,2225,1729
2_20181228T043209_20181228T043927_T46QBM_00000000000000000005,md_jinna_shei_joyd_f,12/28/2018,0.312132247,1029.178161,1204.471264,2416,2343.390805,1516,2013,2147,1227.275862,2660,2324
2_20181228T043209_20181228T043927_T45QZG_00000000000000000005,md_jinna_shei_joyd_f,12/28/2018,0.336006244,1000.106145,1165.743017,2399.972067,2410.569832,1502.184358,2042.927374,2185.815642,1195.162011,2627.96648,2269.201117
2_20190102T043151_20190102T043514_T45QZG_00000000000000000005,md_jinna_shei_joyd_f,1/2/2019,0.25939207,832.8044693,1183.944134,2469.100559,2254.927374,1512.301676,2073.178771,2255.413408,1330.357542,2759.106145,2324.899441
2_20190102T043151_20190102T043514_T46QBM_00000000000000000005,md_jinna_shei_joyd_f,1/2/2019,0.242087225,855.637931,1215.551724,2458,2239.534483,1558,2043,2253,1369.402299,2802,2413
2_20190107T043149_20190107T043708_T46QBM_00000000000000000005,md_jinna_shei_joyd_f,1/7/2019,0.291445325,857.5172414,1187.574713,2454,2322.574713,1550,2042,2234,1276.356322,2907,2553
2_20190107T043149_20190107T043708_T45QZG_00000000000000000005,md_jinna_shei_joyd_f,1/7/2019,0.307965451,818.6592179,1132.178771,2494.921788,2293.843575,1514.597765,2082.631285,2282.463687,1218.122905,2844.698324,2430.217877
2_20190112T043141_20190112T043642_T46QBM_00000000000000000005,md_jinna_shei_joyd_f,1/12/2019,0.322049176,973.5862069,1192.954023,2528,2383.206897,1523,2098,2273,1221.62069,2622,2205
2_20190112T043141_20190112T043642_T45QZG_00000000000000000005,md_jinna_shei_joyd_f,1/12/2019,0.333992208,947.0055866,1164.681564,2536.072626,2378.446927,1519.553073,2136.564246,2316.502793,1187.206704,2591,2116.145251
2_20190117T043119_20190117T043639_T46QBM_00000000000000000005,md_jinna_shei_joyd_f,1/17/2019,0.306900943,977.3908046,1191.436782,2382,2294.712644,1518,2078,2271,1217.712644,2731,2351
2_20190117T043119_20190117T043639_T45QZG_00000000000000000005,md_jinna_shei_joyd_f,1/17/2019,0.314292661,944.7709497,1167.865922,2442.776536,2266.826816,1486.692737,2099.558659,2314.960894,1183.798883,2648.374302,2241
2_20190122T043101_20190122T043322_T46QBM_00000000000000000005,md_jinna_shei_joyd_f,1/22/2019,0.266671659,837.7758621,1137.632184,2270,2199.632184,1500,1979,2240,1273.034483,2715,2287
2_20190122T043101_20190122T043322_T45QZG_00000000000000000005,md_jinna_shei_joyd_f,1/22/2019,0.264038452,831.698324,1131.463687,2363.793296,2179.854749,1440.715084,2029.418994,2314.396648,1268.782123,2626.575419,2152.122905
2_20190127T043039_20190127T043627_T45QZG_00000000000000000005,md_jinna_shei_joyd_f,1/27/2019,0.272700273,1086.189944,1298.189944,2444.290503,2284.458101,1546.212291,2125.162011,2324.843575,1305.307263,2693.027933,2294.27933
2_20190127T043039_20190127T043627_T46QBM_00000000000000000005,md_jinna_shei_joyd_f,1/27/2019,0.274624607,1089.528736,1289.287356,2418,2290.126437,1574,2101,2264,1302.632184,2763,2380
2_20190201T043011_20190201T044135_T46QBM_00000000000000000005,md_jinna_shei_joyd_f,2/1/2019,0.293283484,798.6264368,1107.275862,2504,2299.816092,1501,2061,2316,1256.83908,2663,2161
2_20190201T043011_20190201T044135_T45QZG_00000000000000000005,md_jinna_shei_joyd_f,2/1/2019,0.296156974,760.3854749,1089.351955,2694.061453,2316.659218,1450.005587,2198.078212,2484.916201,1258.52514,2597.184358,2019.614525
2_20190206T042949_20190206T043539_T45QZG_00000000000000000005,md_jinna_shei_joyd_f,2/6/2019,0.30902823,824.3631285,993.9832402,2259.625698,1926.826816,1308.776536,1818.463687,2023.888268,1017.083799,2318.73743,1788.318436
2_20190206T042949_20190206T043539_T46QBM_00000000000000000005,md_jinna_shei_joyd_f,2/6/2019,0.309639395,816.1494253,985.3103448,2206,1914.643678,1292,1741,1904,1008.683908,2352,1813
2_20190211T042921_20190211T043121_T46QBM_00000000000000000005,md_jinna_shei_joyd_f,2/11/2019,0.333830963,705.0632184,1020.551724,2498,2259.54023,1474,2193,2343,1124.931034,2547,1940
2_20190211T042921_20190211T043121_T45QZG_00000000000000000005,md_jinna_shei_joyd_f,2/11/2019,0.3483028,700.2011173,1024.502793,2652.893855,2327.988827,1463.128492,2253.452514,2480.195531,1123.865922,2521.564246,1909.849162
2_20190221T042811_20190221T043725_T46QBM_00000000000000000005,md_jinna_shei_joyd_f,2/21/2019,0.303562685,907.5057471,1150.885057,2388,2285.977011,1464,2014,2234,1224.264368,2372,1944
2_20190221T042811_20190221T043725_T45QZG_00000000000000000005,md_jinna_shei_joyd_f,2/21/2019,0.287877602,926.3351955,1180.27933,2410.625698,2276.569832,1447.22905,2051.944134,2260.726257,1262.256983,2352.061453,1914.273743
2_20190303T042701_20190303T042658_T46QBM_00000000000000000005,md_jinna_shei_joyd_f,3/3/2019,0.555614644,609.0172414,918.4770115,2519,2658.908046,1351,2317,2330,758.1034483,2177,1580
2_20190303T042701_20190303T042658_T45QZG_00000000000000000005,md_jinna_shei_joyd_f,3/3/2019,0.560416,601.5251397,922.6480447,2444.452514,2630.223464,1337.307263,2237.575419,2287.005587,740.9608939,2195.134078,1625.385475
2_20190308T042659_20190308T044054_T46QBM_00000000000000000005,md_jinna_shei_joyd_f,3/8/2019,0.627579684,617.9137931,934.3793103,3018,3195.005747,1287,2616,2969,731.0172414,2483,1789
2_20190308T042659_20190308T044054_T45QZG_00000000000000000005,md_jinna_shei_joyd_f,3/8/2019,0.640325086,580.726257,917.5698324,2913.592179,3231.47486,1329.178771,2511.083799,2836.882682,706.5083799,2480.424581,1809.994413
2_20190323T042701_20190323T043918_T46QBM_00000000000000000005,md_jinna_shei_joyd_f,3/23/2019,0.715270499,490.2586207,914.1954023,3843,3670.12069,1389,3121,3524,609.1609195,2546,1473
2_20190323T042701_20190323T043918_T45QZG_00000000000000000005,md_jinna_shei_joyd_f,3/23/2019,0.709745907,501.8100559,933.7653631,3644.882682,3686.536313,1416.01676,3019.078212,3412.374302,625.8156425,2559.921788,1533.921788
2_20190328T042709_20190328T043805_T46QBM_00000000000000000005,md_jinna_shei_joyd_f,3/28/2019,0.743140763,408.0287356,856.9310345,4083,3942.655172,1391,3370,3879,581.4885057,2647,1690
2_20190328T042709_20190328T043805_T45QZG_00000000000000000005,md_jinna_shei_joyd_f,3/28/2019,0.737160882,422.5083799,864.8268156,3879.921788,3922.089385,1431.083799,3221.77095,3698.849162,593.5642458,2674.75419,1749.111732
2_20190402T042701_20190402T044018_T46QBM_00000000000000000005,md_jinna_shei_joyd_f,4/2/2019,0.670608338,758.4252874,1066.724138,3874,3740.241379,1459,3246,3660,737.3390805,2422,1362
2_20190402T042701_20190402T044018_T45QZG_00000000000000000005,md_jinna_shei_joyd_f,4/2/2019,0.666178596,742.8324022,1050.268156,3717.72067,3716.960894,1473.620112,3137.027933,3503.324022,744.5530726,2442.268156,1417.603352
2_20190407T042709_20190407T044140_T46QBM_00000000000000000005,md_jinna_shei_joyd_f,4/7/2019,0.749680375,516.2298851,934.3390805,4210,4341.310345,1617,3412,4025,619.1494253,2268,1217
2_20190407T042709_20190407T044140_T45QZG_00000000000000000005,md_jinna_shei_joyd_f,4/7/2019,0.743665986,511.3072626,929.6536313,4130.173184,4324.648045,1595.871508,3357.329609,3950.854749,634.698324,2296.608939,1243.329609
2_20190417T042709_20190417T043607_T46QBM_00000000000000000005,md_jinna_shei_joyd_f,4/17/2019,0.851565452,283.4770115,802.2356322,4382,4480.528736,1219,3402,4012,358.6034483,2278,1198
2_20190417T042709_20190417T043607_T45QZG_00000000000000000005,md_jinna_shei_joyd_f,4/17/2019,0.854715221,255.027933,769.5139665,4232.201117,4387.910615,1233.932961,3271.50838,3872.670391,343.7988827,2324.843575,1257.340782
2_20190422T042711_20190422T043605_T45QZG_00000000000000000005,md_jinna_shei_joyd_f,4/22/2019,0.787755025,302.6536313,747.0893855,4029.882682,3944.905028,1370.631285,3175.916201,3691.98324,462.6815642,2481.72067,1429.212291
2_20190422T042711_20190422T043605_T46QBM_00000000000000000005,md_jinna_shei_joyd_f,4/22/2019,0.793351089,316.454023,784.2068966,4074,4077.218391,1358,3229,3704,465.5977011,2441,1366
2_20190427T042709_20190427T044045_T45QZG_00000000000000000005,md_jinna_shei_joyd_f,4/27/2019,0.445883656,1274.435754,1362.268156,2894.698324,2786.424581,1468.424581,2461.620112,2769.905028,1067.832402,1669.877095,961.1620112
2_20190427T042709_20190427T044045_T46QBM_00000000000000000005,md_jinna_shei_joyd_f,4/27/2019,0.446362504,1285.54023,1373.666667,2991,2793.264368,1485,2525,2864,1069.011494,1653,952
2_20190502T042711_20190502T042707_T46QBM_00000000000000000005,md_jinna_shei_joyd_f,5/2/2019,0.39991968,1280.482759,1414.609195,3436,3170.022989,1942,2958,3199,1358.712644,2553,1932
2_20190502T042711_20190502T042707_T45QZG_00000000000000000005,md_jinna_shei_joyd_f,5/2/2019,0.393347883,1290.011173,1406.793296,3432.117318,3136.960894,1936.363128,2941.564246,3181.804469,1365.810056,2550.731844,1929.96648
2_20190507T042709_20190507T043011_T45QZG_00000000000000000005,md_jinna_shei_joyd_f,5/7/2019,0.582478436,423.7094972,897.4748603,3619.273743,3230.553073,1494.988827,2828.134078,3260.044693,845.6424581,2569.03352,1583.351955
2_20190507T042709_20190507T043011_T46QBM_00000000000000000005,md_jinna_shei_joyd_f,5/7/2019,0.500401988,827.591954,1097.816092,3183,2926.586207,1498,2573,2959,971.4597701,2414,1527
2_20190527T042709_20190527T044047_T46QBM_00000000000000000005,md_jinna_shei_joyd_f,5/27/2019,0.268484653,971.137931,1190.758621,2370,2139.356322,1630,2046,2300,1233.275862,2556,1940
2_20190527T042709_20190527T044047_T45QZG_00000000000000000005,md_jinna_shei_joyd_f,5/27/2019,0.265934445,975.6201117,1195.26257,2417.614525,2157.72067,1656.441341,2093.385475,2319.821229,1250.670391,2582.681564,1965.240223
2_20190611T042711_20190611T042706_T46QBM_00000000000000000005,md_jinna_shei_joyd_f,6/11/2019,0.557785922,887.2011494,1193.528736,3482,3160.902299,1609,2929,3284,898.0689655,2732,1674
2_20190611T042711_20190611T042706_T45QZG_00000000000000000005,md_jinna_shei_joyd_f,6/11/2019,0.542034108,910.0391061,1211.027933,3501.944134,3180.134078,1622.072626,2934.067039,3305.368715,944.9329609,2761.234637,1729.687151
2_20190621T042711_20190621T043605_T46QBM_00000000000000000005,md_jinna_shei_joyd_f,6/21/2019,0.718297113,647.1896552,1055.33908,4412,4034.770115,1589,3634,4099,660.4252874,3025,1868
2_20190621T042711_20190621T043605_T45QZG_00000000000000000005,md_jinna_shei_joyd_f,6/21/2019,0.716248138,646.4022346,1070.603352,4306.061453,4064.368715,1691.72067,3555.128492,4023.335196,670.7430168,3101.268156,2004.592179
